{"cameraMode":{"drawMode":0,"name":"Shaded","section":"Shading Mode"},"sceneLighting":false,"audioPlay":false,"sceneViewState":{"m_AlwaysRefresh":false,"showFog":false,"showSkybox":false,"showFlares":false,"showImageEffects":false,"showParticleSystems":false,"showVisualEffectGraphs":true,"m_FxEnabled":true},"in2DMode":false,"pivot":{"x":-0.7772011756896973,"y":-0.45439577102661135,"z":-0.3682546615600586},"rotation":{"x":0.28424951434135439,"y":0.06343565881252289,"z":-0.022696422412991525,"w":0.9569154381752014},"size":5.002927303314209,"orthographic":false}